licence_number,designation,name,dba,status,structure,city,phone
A10-17-0000001-TEMP,"Adult-Use
Medicinal","Torrey Holistics, Inc.",Torrey Holistics,Active,Corporationx,SAN DIEGO,8585581420
A10-17-0000002-TEMP,"Adult-Use
Medicinal",CalWave Enterprises Inc.,KindPeoples,Active,Corporation,SANTA CRUZ,8313327155
A10-17-0000003-TEMP,"Adult-Use
Medicinal","CalWave Enterprises, Inc.","KindPeoples (formerly
KindPeoples Collective)",Active,Corporation,SANTA CRUZ,8313327155
A10-17-0000004-TEMP,"Adult-Use
Medicinal",530 COLLECTIVE,530 CANNABIS,Active,Corporation,SHASTA LAKE,5309490501
A10-17-0000005-TEMP,"Adult-Use
Medicinal","Berkeley Patients Group, Inc",,Active,Corporation,BERKELEY,5105406013
A10-17-0000007-TEMP,"Adult-Use
Medicinal","VMK, INC.",Purple Lotus Patient Center,Active,Corporation,San Jose,9259894194
A10-17-0000008-TEMP,"Adult-Use
Medicinal",Urbn Leaf Bay Park Inc.,Urbn Leaf,Active,Corporation,SAN DIEGO,6192752235
A10-17-0000009-TEMP,"Adult-Use
Medicinal",Monterey Bay Alternative Medicine,,Active,Corporation,Del Rey Oaks,8313932500
A10-17-0000010-TEMP,"Adult-Use
Medicinal",Purple Heart Patient Center,Purple Heart,Active,Corporation,OAKLAND,5106257877
A10-17-0000011-TEMP,"Adult-Use
Medicinal","A Green Alternative Cooperative, Inc.",,Active,Corporation,SAN DIEGO,6192419897
A10-17-0000017-TEMP,"Adult-Use
Medicinal","SC VETERANS ALLIANCE, INC.",,Active,Corporation,SOQUEL,8314316347
A10-17-0000018-TEMP,"Adult-Use
Medicinal","CannaCruz, Inc.",CannaCruz,Active,Corporation,SANTA CRUZ,8314203227
A10-17-0000019-TEMP,"Adult-Use
Medicinal","NC3 Systems, Inc.",Caliva,Active,Corporation,SAN JOSE,4082972615
A10-17-0000020-TEMP,"Adult-Use
Medicinal",WCCC,West Coast Cannabis Club,Active,Corporation,CATHEDRAL CITY,6198671635
A10-17-0000022-TEMP,"Adult-Use
Medicinal",Capitola Healing Association Inc.,"Capitola Healing Association
Inc.",Active,Corporation,SANTA CRUZ,8314755506
A10-17-0000023-TEMP,"Adult-Use
Medicinal",San Jose Wellness,Harborside,Active,Corporation,SAN JOSE,5103442933
A10-17-0000024-TEMP,Adult-Use,Mt Shasta Patients Collective,,Active,Corporation,MOUNT SHASTA,5309266337
A10-17-0000025-TEMP,"Adult-Use
Medicinal","Homeopathic Cultivation Cooperative, Inc",Mother Earth's Farmacy,Active,Corporation,Cathedral City,7608328348
A10-17-0000026-TEMP,Adult-Use,Sunshine Coast Wellness,"Cathedral City Care
Collective North",Active,Corporation,CATHEDRAL CITY,9132696425
A10-17-0000027-TEMP,"Adult-Use
Medicinal",NO WAIT MEDS,no wait meds,Active,"Limited Liability
Company",CATHEDRAL CITY,8182199234
A10-17-0000028-TEMP,"Adult-Use
Medicinal",P & S Ventures,,Active,"Limited Liability
Company",Cathedral City,8186210288
A10-17-0000029-TEMP,Adult-Use,"Desert's Finest Patients' Cooperative, Inc",,Active,Corporation,"Desert Hot
Springs",8334385874
A10-17-0000030-TEMP,"Adult-Use
Medicinal",Desert Organic Solutions Collective,,Active,Corporation,NORTH PALM SPRINGS,7602884000
A10-17-0000031-TEMP,"Adult-Use
Medicinal",VALLEY PURE,Valley Pure,Active,"Limited Liability
Company",woodlake,5596901898
A10-17-0000032-TEMP,"Adult-Use
Medicinal","GSG PL, INC.",,Active,Corporation,San Diego,6192688035
A10-17-0000033-TEMP,"Adult-Use
Medicinal",REVOLUTION EMPORIUM,retail cannabis dispensary,Active,"General
Partnership",ukiah,744840248
A10-17-0000034-TEMP,"Adult-Use
Medicinal",H.O.T.N. CLUB,HOTN Cultivation Co.,Active,Corporation,Cathedral City,7608327614
A10-17-0000036-TEMP,"Adult-Use
Medicinal",KGMB LLC,TreeHouse,Active,"Limited Liability
Company",Soquel,8318182956
A10-17-0000037-TEMP,"Adult-Use
Medicinal","Tim and Mike Enterprises, LLC",The Queen of Dragons,Active,"Limited Liability
Company",Shasta Lake,5302769771
A10-17-0000038-TEMP,"Adult-Use
Medicinal","MMOF San Diego Retail, Inc.",Apothekare,Active,Corporation,San Diego,6198509266
A10-17-0000039-TEMP,"Adult-Use
Medicinal",Farmacy Collective,MedMen WeHo,Active,Corporation,West Hollywood,3234862787
A10-17-0000040-TEMP,"Adult-Use
Medicinal",Green Cross Society of Southern California,,Active,Corporation,WEST HOLLYWOOD,3236548792
A10-17-0000041-TEMP,"Adult-Use
Medicinal","Patients Mutual Assistance Collective
Corporation",Harborside,Active,Corporation,OAKLAND,5103442933
A10-17-0000042-TEMP,"Adult-Use
Medicinal",Gravenstein 116 LLC,Solful,Active,"Limited Liability
Company",Sebastopol,4157943363
A10-17-0000043-TEMP,"Adult-Use
Medicinal",BI Supportive Services,"Therapeutic Healthcare
Collective",Active,"Limited Liability
Company",SOQUEL,8313361910
A10-17-0000044-TEMP,"Adult-Use
Medicinal","MNat, Inc.",Santa Cruz Naturals,Active,Corporation,APTOS,8316887266
A10-17-0000045-TEMP,"Adult-Use
Medicinal","Canna Culture Collective, Inc.",Canna Culture,Active,Corporation,San Jose,5302773389
A10-17-0000047-TEMP,"Adult-Use
Medicinal",Creekside Wellness,,Active,Corporation,BOULDER CREEK,8015609466
A10-17-0000048-TEMP,"Adult-Use
Medicinal",Emerald Pharms,,Active,Corporation,HOPLAND,9164200173
A10-17-0000049-TEMP,"Adult-Use
Medicinal",ECSD MANAGEMENT LLC,,Active,"Limited Liability
Company",SAN DIEGO,6197724141
A10-17-0000052-TEMP,"Adult-Use
Medicinal",Mercy Wellness,Mercy Wellness,Active,Corporation,COTATI,7077951600
A10-17-0000055-TEMP,"Adult-Use
Medicinal",Healthy Healing Holistic Options,ShowGrow,Active,Corporation,SANTA ANA,9495654769
A10-17-0000056-TEMP,"Adult-Use
Medicinal",Central Coast Wellness LLC,Central Coast Welness center LLC,Active,"Limited Liability
Company",BEN LOMOND,5596901898
A10-17-0000058-TEMP,"Adult-Use
Medicinal","Love In It Cooperative, Inc",,Active,Corporation,MENDOCINO,7079373123
A10-17-0000059-TEMP,"Adult-Use
Medicinal",Peoples' First Choice LLC,,Active,"Limited Liability
Company",SANTA ANA,7144857379
A10-17-0000060-TEMP,"Adult-Use
Medicinal","Therapeutic Hemp, Inc.",420 Central,Active,Corporation,SANTA ANA,9494342125
A10-17-0000061-TEMP,"Adult-Use
Medicinal",SOAR Collective Mutual Benefit Corporation,OC3,Active,Corporation,SANTA ANA,7146428320
A10-17-0000063-TEMP,"Adult-Use
Medicinal",EAST OF EDEN CANNABIS CO.,EAST OF EDEN,Active,Corporation,SALINAS,3126360404
A10-17-0000064-TEMP,"Adult-Use
Medicinal","55 OC Collective, Inc.",Blum Santa Ana,Active,Corporation,SANTA ANA,7074776790
A10-17-0000065-TEMP,"Adult-Use
Medicinal",Leave it to Nature,Leave it to Nature,Active,Corporation,Shasta Lake,5302279298
A10-17-0000066-TEMP,"Adult-Use
Medicinal","PDEE, INC",All About Wellness,Active,Corporation,SACRAMENTO,9164544327
A10-17-0000067-TEMP,Adult-Use,Redwood Coast Lifestyles Inc.,Redwood Coast Collective,Active,Corporation,Ben Lomond,8313368795
A10-17-0000068-TEMP,"Adult-Use
Medicinal",The Source Santa Ana,MedMen OC,Active,Corporation,Santa Ana,3234862787
A10-17-0000069-TEMP,"Adult-Use
Medicinal",CBD Inc,From The Earth,Active,Corporation,SANTA ANA,9497849032
A10-17-0000073-TEMP,"Adult-Use
Medicinal",Higher Level of Care,Higher Level,Active,Corporation,Castroville,3102614809
A10-17-0000074-TEMP,"Adult-Use
Medicinal",Responsible Patient Care,SPARC,Active,Corporation,SEBASTOPOL,7073871517
A10-17-0000075-TEMP,"Adult-Use
Medicinal",The Richmond Patient's Group,Green Remedy,Active,Corporation,Richmond,4153284102
A10-17-0000076-TEMP,"Adult-Use
Medicinal",The Green Heart Collective. org,The Green Heart,Active,Corporation,MOUNT SHASTA,5309410291
A10-17-0000080-TEMP,"Adult-Use
Medicinal","Migliore, LLC",Abatin Wellness Center,Active,"Limited Liability
Company",SACRAMENTO,3107410888
A10-17-0000081-TEMP,"Adult-Use
Medicinal",BSCB Enterprises LLC,Big Sur Cannabotanicals,Active,"Limited Liability
Company",CARMEL,8312507756
A10-17-0000082-TEMP,"Adult-Use
Medicinal","SCSA GROUP, INC.",,Active,Corporation,SANTA ANA,7146865001
A10-17-0000083-TEMP,"Adult-Use
Medicinal",Green Rose Green Leaf Care,The Joint,Active,Corporation,SANTA ANA,7147674806
A10-17-0000084-TEMP,"Adult-Use
Medicinal",Zen Healing Collective Corporation,,Active,Corporation,West Hollywood,3236566666
A10-17-0000087-TEMP,"Adult-Use
Medicinal",Monex Place Wellness,Strain Station,Active,Corporation,santa ana,9492932370
A10-17-0000088-TEMP,"Adult-Use
Medicinal","HnHPC, a nonprofit mutual benefit corp",Connected Santa Ana,Active,Corporation,SANTA ANA,6572294464
A10-17-0000089-TEMP,"Adult-Use
Medicinal",Curbstone Exchange LLC,,Active,"Limited Liability
Company",FELTON,8313317886
A10-17-0000091-TEMP,"Adult-Use
Medicinal",River City Phoenix,,Active,Corporation,SACRAMENTO,9167084095
A10-17-0000092-TEMP,"Adult-Use
Medicinal",Sacramento Community Cannabis Collective,Connected Sacramento,Active,Corporation,SACRAMENTO,9164751857
A10-17-0000093-TEMP,"Adult-Use
Medicinal","Valley Health Options Collective, Inc.",,Active,Corporation,SACRAMENTO,9165243194
A10-17-0000094-TEMP,"Adult-Use
Medicinal",GOLDEN HEALTH & WELLNESS,,Active,Corporation,Sacramento,9166466340
A10-17-0000095-TEMP,"Adult-Use
Medicinal",ALTERNATIVE MEDICAL CENTER,AMC,Active,Corporation,Sacramento,9165641100
A10-18-0000097-TEMP,"Adult-Use
Medicinal","420 Green Street, Inc.",10 Spot,Active,Corporation,SANTA ANA,7147179896
A10-18-0000098-TEMP,"Adult-Use
Medicinal",2015 Halladay Wellness Inc.,Super Clinik Yale,Active,Corporation,SANTA ANA,7147179896
A10-18-0000099-TEMP,"Adult-Use
Medicinal",BUD AND BLOOM,,Active,Corporation,SANTA ANA,7145762150
A10-18-0000101-TEMP,"Adult-Use
Medicinal","PACAFI COOPERATIVE, INC.",Flavors,Active,Corporation,RIVERBANK,2095540801
A10-18-0000102-TEMP,"Adult-Use
Medicinal","PSGC, Inc.",Atomic Budz,Active,Corporation,CATHEDRAL CITY,7603224481
A10-18-0000104-TEMP,"Adult-Use
Medicinal",Northeastern Management Inc,,Active,Corporation,SANTA CRUZ,4087695552
A10-18-0000105-TEMP,"Adult-Use
Medicinal","STPC ENTERPRISES, INC.",Evergreen,Active,Corporation,SANTA ANA,7148011356
A10-18-0000106-TEMP,"Adult-Use
Medicinal",EMERALD SKYWAY,,Active,"Limited Liability
Company",SALINAS,8315660758
A10-18-0000108-TEMP,"Adult-Use
Medicinal","UPROOTED, INC.",Southwest Patient Group,Active,Corporation,SAN DIEGO,6196636337
A10-18-0000109-TEMP,"Adult-Use
Medicinal",OGC Systems Inc,New Generation,Active,Corporation,santa ana,9518182245
A10-18-0000110-TEMP,"Adult-Use
Medicinal","Halladay Healing Group, Inc.",Super Clinik,Active,Corporation,SANTA ANA,7147171480
A10-18-0000112-TEMP,Adult-Use,WE ARE HEMP,,Active,"General
Partnership",HAYWARD,5108780341
A10-18-0000113-TEMP,"Adult-Use
Medicinal",Balboa Avenue Cooperative,,Active,Corporation,SAN DIEGO,6197502024
A10-18-0000118-TEMP,"Adult-Use
Medicinal",Sacramento Commercial Services,Florin Wellness Center,Active,Corporation,Sacramento,9167060563
A10-18-0000120-TEMP,"Adult-Use
Medicinal",Community Roots United,Grass Roots,Active,Corporation,SAN FRANCISCO,4158270650
A10-18-0000121-TEMP,"Adult-Use
Medicinal","Harvest on Geary, Inc.",,Active,Corporation,SAN FRANCISCO,4156408250
A10-18-0000122-TEMP,"Adult-Use
Medicinal","RHMT, LLC",The Apothecarium,Active,"Limited Liability
Company",SAN FRANCISCO,4157469001
A10-18-0000123-TEMP,"Adult-Use
Medicinal",JAZDALE INVESTMENTS LLC,Releaf Herbal Cooperative,Active,"Limited Liability
Company",SAN FRANCISCO,4157161027
A10-18-0000124-TEMP,"Adult-Use
Medicinal","Bay Area Green Cross Dispensary, Inc.",The Green Cross,Active,Corporation,SAN FRANCISCO,4158467671
A10-18-0000125-TEMP,"Adult-Use
Medicinal",Loud Inc.,"San Diego Recreational
Cannabis (SDRC)",Active,Corporation,SAN DIEGO,6196188139
A10-18-0000126-TEMP,"Adult-Use
Medicinal",Higher Level of Care Seaside,Higher Level,Active,Corporation,Seaside,3102614809
A10-18-0000127-TEMP,"Adult-Use
Medicinal","C9 Alliance Cooperative, Inc.",Cloud 9,Active,Corporation,Sacramento,9163878605
A10-18-0000128-TEMP,"Adult-Use
Medicinal","Shambahla Healing Center, Inc.",Mission Cannabis Club,Active,Corporation,San Francisco,4155098664
A10-18-0000129-TEMP,"Adult-Use
Medicinal",Hugs Alternative Care,,Active,Corporation,SACRAMENTO,9167084095
A10-18-0000130-TEMP,"Adult-Use
Medicinal",CC101,,Active,Corporation,SACRAMENTO,9163876233
A10-18-0000132-TEMP,"Adult-Use
Medicinal","Howard Street Partners, LLC",The Apothecarium,Active,"Limited Liability
Company",San Francisco,4157469001
A10-18-0000134-TEMP,"Adult-Use
Medicinal",Safe Accessible Solutions,,Active,Corporation,Sacramento,9163869840
A10-18-0000136-TEMP,"Adult-Use
Medicinal","HERBAL COOPERATIVE, INC.",Lakeside Herbal Solutions,Active,Corporation,CLEARLAKE,7079943721
A10-18-0000137-TEMP,"Adult-Use
Medicinal","DEEP THOUGHT, LLC",The Apothecarium,Active,"Limited Liability
Company",San Francisco,4159283300
A10-18-0000138-TEMP,"Adult-Use
Medicinal",My Golden Green Inc.,"The Humboldt County
Collective",Active,Corporation,eureka,7074422420
A10-18-0000139-TEMP,"Adult-Use
Medicinal",Purple Star MD Collective,Purple Star MD,Active,Corporation,san francisco,4153148157
A10-18-0000140-TEMP,Adult-Use,"BCSF, Inc.",,Active,Corporation,SAN FRANCISCO,4152434400
A10-18-0000141-TEMP,"Adult-Use
Medicinal",San Francisco Foundation on Going Green,"Medical Cannabis
Dispensary",Active,Corporation,SAN FRANCISCO,4158964271
A10-18-0000142-TEMP,"Adult-Use
Medicinal",MIPARC,SPARC,Active,Corporation,San Francisco,7073871517
A10-18-0000143-TEMP,"Adult-Use
Medicinal","Good Living Mgmt II, Inc.",Harvest off Mission,Active,Corporation,SAN FRANCISCO,4156408250
A10-18-0000144-TEMP,"Adult-Use
Medicinal",Metro Health Systems,Green Door Metro,Active,Corporation,SACRAMENTO,5108121600
A10-18-0000145-TEMP,"Adult-Use
Medicinal","Compassionate Heart Mutual Benefit
Association",,Active,"Sole
Proprietorship",Ukiah,7074625100
A10-18-0000147-TEMP,"Adult-Use
Medicinal","P.S.A.C., INC.",Zen Garden Wellness,Active,Corporation,SACRAMENTO,4158904480
A10-18-0000148-TEMP,"Adult-Use
Medicinal",Mama N Pops Inc,515 Broadway,Active,Corporation,SACRAMENTO,9168656474
A10-18-0000149-TEMP,Adult-Use,Septem Coma Inc.,"South Sacramento Care
Center",Active,Corporation,SACRAMENTO,9163931820
A10-18-0000150-TEMP,"Adult-Use
Medicinal","Perchta, Inc. A California Mutual Benefit Corp.",House of Organics,Active,Corporation,SACRAMENTO,9163813769
A10-18-0000151-TEMP,"Adult-Use
Medicinal","SB License 01, LLC",Captain Jacks,Active,"Limited Liability
Company",SAN BERNARDINO,9093816400
A10-18-0000153-TEMP,"Adult-Use
Medicinal","R & S NURSERY, INC.",The Healing Flower,Active,Corporation,MODESTO,4086905351
A10-18-0000154-TEMP,"Adult-Use
Medicinal",710 SF Inc.,Pure 710SF,Active,Corporation,SAN FRANCISCO,4156545275
A10-18-0000155-TEMP,"Adult-Use
Medicinal",Seventy Second Street,Flower Power SF,Active,Corporation,SAN FRANCISCO,5103681262
A10-18-0000157-TEMP,"Adult-Use
Medicinal","The Leonard Moore Cooperative, Inc.",,Active,Corporation,Mendocino,7079374562
A10-18-0000158-TEMP,Adult-Use,Iguana Collective,Iguana Collective,Active,Corporation,CATHEDRAL CITY,7606998340
A10-18-0000161-TEMP,Adult-Use,OCP,,Active,"Sole
Proprietorship",OAKLAND,4152057450
A10-18-0000162-TEMP,"Adult-Use
Medicinal","JDI FARMS, INC.",Empire Health and Wellness,Active,Corporation,MODESTO,2092168966
A10-18-0000163-TEMP,"Adult-Use
Medicinal","Doc's Cooperative, Inc.",Doctor's Orders,Active,Corporation,SACRAMENTO,9165642112
A10-18-0000164-TEMP,"Adult-Use
Medicinal","Cyon Corporation, Inc.",MedMen Beverly Hills,Active,Corporation,LOS ANGELES,3234862787
A10-18-0000165-TEMP,"Adult-Use
Medicinal",THE COMPASSION NETWORK,MedMen Venice,Active,Corporation,VENICE,3234862787
A10-18-0000166-TEMP,"Adult-Use
Medicinal",THE HIGHER PATH PATIENTS' ASSOCIATION,THE HIGHER PATH,Active,Corporation,SHERMAN OAKS,8183851224
A10-18-0000167-TEMP,"Adult-Use
Medicinal",Advanced Patients' Collective,MedMen DTLA,Active,Corporation,Los Angeles,3234862787
A10-18-0000168-TEMP,"Adult-Use
Medicinal","MSTMA, INC.",Cookies SF,Active,Corporation,SAN FRANCISCO,4157695001
A10-18-0000169-TEMP,Adult-Use,1L Tree Lounge LLC,,Active,"Limited Liability
Company",GARBERVILLE,4153024688
A10-18-0000170-TEMP,"Adult-Use
Medicinal",Bay Area Safe Alternatives Collective Inc,Basa Inc,Active,Corporation,San Francisco,4157972286
A10-18-0000172-TEMP,"Adult-Use
Medicinal","LIZBOR, INC.",WHTC,Active,Corporation,STUDIO CITY,8182665144
A10-18-0000173-TEMP,"Adult-Use
Medicinal","Perennial Holistic Wellness Center, Inc.","Perennial Holistic Wellness
Center",Active,Corporation,Studio City,3107386100
A10-18-0000174-TEMP,"Adult-Use
Medicinal","DOWNTOWN COLLECTIVE, INC.",ZEN NOHO,Active,Corporation,NORTH HOLLYWOOD,8184873737
A10-18-0000175-TEMP,"Adult-Use
Medicinal","Welcome The Healing Touch, Inc.",,Active,Corporation,ENCINO,8188811462
A10-18-0000177-TEMP,"Adult-Use
Medicinal","Sonoma Patient Group, Inc.",,Active,Corporation,SANTA ROSA,7075262800
A10-18-0000178-TEMP,"Adult-Use
Medicinal",Responsible Patient Care,SPARC,Active,Corporation,Santa Rosa,7073871517
A10-18-0000179-TEMP,"Adult-Use
Medicinal","Therapeutic Health Collective, Inc.",Stone Age Farmacy,Active,Corporation,GARDENA,3106342542
A10-18-0000180-TEMP,"Adult-Use
Medicinal",RELIEF CCR,BEVERLY HILLS ALTERNATIVE RELIEF CENTER,Active,Corporation,LOS ANGELES,3107219113
A10-18-0000181-TEMP,"Adult-Use
Medicinal","DPC SF, LLC",Dutchman's Flat,Active,"Limited Liability
Company",SAN FRANCISCO,4152036277
A10-18-0000182-TEMP,"Adult-Use
Medicinal","ORGANIC GREEN TREATMENT CENTER, INC.",,Active,Corporation,LOS ANGELES,3237333644
A10-18-0000183-TEMP,"Adult-Use
Medicinal","Koreatown Collective, LLC",,Active,"Limited Liability
Company",LOS ANGELES,3239519513
A10-18-0000184-TEMP,"Adult-Use
Medicinal","PURA VIDA TRES, INC.",PURE LIFE WELLNESS CENTER,Active,Corporation,LOS ANGELES,3102469345
A10-18-0000185-TEMP,"Adult-Use
Medicinal","NATURE'S NATURAL COOPERATIVE CARE, INC.",NEW AMSTERDAM NATURALS,Active,Corporation,LOS ANGELES,3102026622
A10-18-0000186-TEMP,"Adult-Use
Medicinal",Alternatives a Health Collective,"Alternatives a Health
Collective",Active,Corporation,SANTA ROSA,4152508888
A10-18-0000187-TEMP,"Adult-Use
Medicinal",Remedy Inc.,,Active,Corporation,CATHEDRAL CITY,2604506544
A10-18-0000188-TEMP,"Adult-Use
Medicinal",The Pottery,,Active,Corporation,LOS ANGELES,3234529833
A10-18-0000189-TEMP,"Adult-Use
Medicinal","Melrose Herbal Collective, Inc.",,Active,Corporation,LOS ANGELES,3232324420
A10-18-0000190-TEMP,"Adult-Use
Medicinal",Delta 9 THC LLC,,Active,"Limited Liability
Company",WILMINGTON,3104089621
A10-18-0000191-TEMP,Adult-Use,"D & M COMPASSION CENTER, LLC",D & M COMPASSION CENTER,Active,"Limited Liability
Company",CLEARLAKE,7075305681
A10-18-0000192-TEMP,"Adult-Use
Medicinal","HT, Inc",High Tides,Active,Corporation,GUALALA,7078841882
A10-18-0000194-TEMP,"Adult-Use
Medicinal",Cornerstone Research Collective,,Active,Corporation,LOS ANGELES,3232598933
A10-18-0000195-TEMP,"Adult-Use
Medicinal","Herbal Pain Relief Center Cooperative, INC",,Active,Corporation,MISSION HILLS,8186396027
A10-18-0000196-TEMP,"Adult-Use
Medicinal","The Green Earth Farmacie, Inc.",,Active,Corporation,VAN NUYS,8189941945
A10-18-0000198-TEMP,"Adult-Use
Medicinal","Los Angeles Valley Caregivers, Inc.",,Active,Corporation,LOS ANGELES,3235001040
A10-18-0000199-TEMP,"Adult-Use
Medicinal","HOLISTIC PAIN RELIEF, INC.",,Active,Corporation,LOS ANGELES,3237788540
A10-18-0000200-TEMP,"Adult-Use
Medicinal","CALIFORNIA'S FINEST COMPASSIONATE COOPERATIVE, INC.",COAST TO COAST AND 3C MEDICAL,Active,Corporation,Canoga Park,8187120535
A10-18-0000201-TEMP,"Adult-Use
Medicinal",NATURAL REMEDIES CAREGIVERS,,Active,Corporation,LOS ANGELES,3107956449
A10-18-0000203-TEMP,"Adult-Use
Medicinal","Studio City Caregivers Co-op, Inc.",Universal Collective,Active,Corporation,Los Angeles,6262156093
A10-18-0000204-TEMP,"Adult-Use
Medicinal","Healthy Herbal Care, Inc.",HHC,Active,Corporation,VAN NUYS,8184538085
A10-18-0000206-TEMP,"Adult-Use
Medicinal","THE GREEN GODDESS, INC.",Green Goddess Collective,Active,Corporation,VENICE,3103967770
A10-18-0000207-TEMP,"Adult-Use
Medicinal",Green Earth Vitality Corporation,Green Earth Collective,Active,Corporation,Los Angeles,3109718170
A10-18-0000208-TEMP,"Adult-Use
Medicinal","MMD, INC.",,Active,Corporation,HOLLYWOOD,8774205874
A10-18-0000209-TEMP,"Adult-Use
Medicinal",Sunshine Holistic,Sovereign,Active,Corporation,FORT BRAGG,7072231129
A10-18-0000210-TEMP,"Adult-Use
Medicinal","Elevated Systems, Inc.",Elevated San Francisco,Active,Corporation,SAN FRANCISCO,4158255123
A10-18-0000212-TEMP,"Adult-Use
Medicinal","City Compassionate Caregivers Cooperative, Inc.",,Active,Corporation,LOS ANGELES,9099362236
A10-18-0000213-TEMP,"Adult-Use
Medicinal","California Compassionate Care Network, Inc.",,Active,Corporation,NORTH HOLLYWOOD,8189806337
A10-18-0000214-TEMP,"Adult-Use
Medicinal",AHPS - Absolute Herbal Pain Solutions,,Active,Corporation,LOS ANGELES,9092415504
A10-18-0000215-TEMP,"Adult-Use
Medicinal","NATURE'S CURE, INC.",MedMen LAX,Active,Corporation,LOS ANGELES,3234862787
A10-18-0000216-TEMP,"Adult-Use
Medicinal","Safe Capitol Compassion Cooperative, Inc.",,Active,"Limited Liability
Company",SACRAMENTO,9162543287
A10-18-0000217-TEMP,"Adult-Use
Medicinal",Kushism Inc.,,Active,Corporation,VAN NUYS,8189943446
A10-18-0000218-TEMP,"Adult-Use
Medicinal","So Cal Co-Op, Inc.",,Active,Corporation,LOS ANGELES,8189144736
A10-18-0000219-TEMP,"Adult-Use
Medicinal","BOO KU C.C., INC.",Exhalence,Active,Corporation,SUN VALLEY,8183949094
A10-18-0000220-TEMP,"Adult-Use
Medicinal","Jason Lilly, LLC",Kannabis Works,Active,"Limited Liability
Company",SANTA ANA,9497420768
A10-18-0000221-TEMP,"Adult-Use
Medicinal","The Wellness Earth Energy Dispensary, Inc.",,Active,Corporation,STUDIO CITY,7143506534
A10-18-0000222-TEMP,"Adult-Use
Medicinal",Compassionate Patient Resources,CPR,Active,Corporation,Northridge,8189964277
A10-18-0000223-TEMP,"Adult-Use
Medicinal","ALTERNATIVE MEDICINE GROUP, INC.",AMG,Active,Corporation,LOS ANGELES,3104760222
A10-18-0000225-TEMP,"Adult-Use
Medicinal","CRUZ VERDE, INC.",Green Cross of Torrance,Active,Corporation,TORRANCE,3105339363
A10-18-0000226-TEMP,Adult-Use,"Shatter, LLC",,Active,"Limited Liability
Company",SAN BERNARDINO,9092641855
A10-18-0000227-TEMP,Adult-Use,Leef Industries LLC,Leef Industries,Active,"Limited Liability
Company",PALM SPRINGS,9498920682
A10-18-0000228-TEMP,Adult-Use,"Lotus Dispensary, LLC",,Active,"Limited Liability
Company",SAN BERNARDINO,9094301244
A10-18-0000229-TEMP,"Adult-Use
Medicinal","Compassionate Care Patients Collective, Inc",The Green Door,Active,Corporation,SAN FRANCISCO,5109318180
A10-18-0000230-TEMP,"Adult-Use
Medicinal","DTPG Collective, Inc.",,Active,Corporation,Los Angeles,3236024211
A10-18-0000231-TEMP,"Adult-Use
Medicinal",Canna Corn Collective,Medallion Wellness,Active,Corporation,MODESTO,2092487472
A10-18-0000234-TEMP,"Adult-Use
Medicinal",Urban Flowers,Urban Pharm,Active,Corporation,SAN FRANCISCO,9168335343
A10-18-0000236-TEMP,"Adult-Use
Medicinal",New Age Compassion Care Center Corp.,New Age Care Center,Active,Corporation,LOS ANGELES,3106919493
A10-18-0000239-TEMP,"Adult-Use
Medicinal","New Apothecary, Inc.",Apothecary 420,Active,Corporation,Los Angeles,8189050420
A10-18-0000240-TEMP,"Adult-Use
Medicinal","MEDICAL CAREGIVERS COOPERATIVE, INC.",,Active,Corporation,LOS ANGELES,3235762153
A10-18-0000241-TEMP,"Adult-Use
Medicinal",AFTER CARE PATIENT'S GROUP,AFTER CARE & THE LOFT,Active,Corporation,WOODLAND HILLS,8188845638
A10-18-0000242-TEMP,"Adult-Use
Medicinal","PATIENTS AND CAREGIVERS LOS ANGELES, INC.",,Active,Corporation,LOS ANGELES,8184721082
A10-18-0000245-TEMP,"Adult-Use
Medicinal","Barr Corporation, A Consumer Cooperative","California Caregivers
Alliance",Active,Corporation,LOS ANGELES,2133530100
A10-18-0000246-TEMP,"Adult-Use
Medicinal","CANNA HEALTHCARE, INC.",Cloud 8th DTLA,Active,Corporation,LOS ANGELES,2132751223
A10-18-0000247-TEMP,Adult-Use,Sun Grow Consulting,,Active,Corporation,DESERT HOT SPRINGS,7142314435
A10-18-0000248-TEMP,"Adult-Use
Medicinal",GREEN DOT MEDICINAL CANNABIS PATIENTS' GROUP,,Active,Corporation,LOS ANGELES,3105788300
A10-18-0000249-TEMP,"Adult-Use
Medicinal",RDC COLLECTIVE CORP,,Active,Corporation,TARZANA,8187570434
A10-18-0000250-TEMP,"Adult-Use
Medicinal","San Fernando Valley Medical Supply, Inc.",SFVDM,Active,Corporation,Van Nuys,8189089951
A10-18-0000251-TEMP,"Adult-Use
Medicinal",California Patients Alliance,"Los Angeles Kush Collective
#2",Active,Corporation,LOS ANGELES,5625771318
A10-18-0000252-TEMP,Adult-Use,"LAX CC, INC.","LAX CC, INC.",Active,Corporation,LOS ANGELES,3104399189
A10-18-0000253-TEMP,"Adult-Use
Medicinal","Toluca Lake Collective, Inc.",,Active,Corporation,LOS ANGELES,6268904625
A10-18-0000254-TEMP,"Adult-Use
Medicinal",DELTA HEALTH & WELLNESS,,Active,Corporation,SACRAMENTO,9162319934
A10-18-0000256-TEMP,"Adult-Use
Medicinal","The Van Nuys Group, LLC",The Green Easy,Active,"Limited Liability
Company",LOS ANGELES,3234243035
A10-18-0000257-TEMP,"Adult-Use
Medicinal","Resource Referral Services, Inc.",GVC,Active,Corporation,NORTH HOLLYWOOD,7143506354
A10-18-0000258-TEMP,"Adult-Use
Medicinal",Virgil Grant,,Active,"Sole
Proprietorship",LOS ANGELES,3104937651
A10-18-0000259-TEMP,"Adult-Use
Medicinal",MISSION HERBAL CARE INC,THE COOKIE COMPANY,Active,Corporation,SAN FRANCISCO,3233099090
A10-18-0000260-TEMP,"Adult-Use
Medicinal",Circle of Hope Alliance,,Active,Corporation,NORTHRIDGE,8188106074
A10-18-0000263-TEMP,"Adult-Use
Medicinal","SWCO, inc",Satori Wellness,Active,Corporation,MCKINLEYVILLE,7074996202
A10-18-0000264-TEMP,"Adult-Use
Medicinal",Joy Industries Inc,,Active,Corporation,Palm Springs,7603181420
A10-18-0000267-TEMP,"Adult-Use
Medicinal","Greenhouse Herbal Center, LLC",,Active,"Limited Liability
Company",LOS ANGELES,3235334842
A10-18-0000268-TEMP,"Adult-Use
Medicinal",Smart Collective Corporation,Smart Collective Inc,Active,Corporation,NORTH HOLLYWOOD,8187266667
A10-18-0000270-TEMP,"Adult-Use
Medicinal","KP PATTERSON MANAGEMENT, LLC",,Active,"Limited Liability
Company",Patterson,2093455360
A10-18-0000271-TEMP,"Adult-Use
Medicinal","STRAIN BALBOA CAREGIVERS, INC.",,Active,Corporation,LOS ANGELES,8182806069
A10-18-0000272-TEMP,"Adult-Use
Medicinal","Pacafi Cooperative, inc.",Patient Care First,Active,Corporation,Modesto,2095540802
A10-18-0000273-TEMP,"Adult-Use
Medicinal","DESERT HOT SPRINGS COLLECTIVE, LTD.",DESERT HOT SPRINGS COLLECTIVE,Active,Corporation,DESERT HOT SPRINGS,2139253158
A10-18-0000274-TEMP,"Adult-Use
Medicinal",ASHMOON INC,HOLLYWOOD HIGH GRADE,Active,Corporation,LOS ANGELES,3235369133
A10-18-0000276-TEMP,"Adult-Use
Medicinal",California Alternative Caregivers,CAC Venice LLC,Active,"Limited Liability
Company",VENICE,8772193809
A10-18-0000277-TEMP,"Adult-Use
Medicinal","NORTH HOLLYWOOD COMPASSIONATE CAREGIVERS, INC.",,Active,Corporation,NORTH HOLLYWOOD,8183999715
A10-18-0000278-TEMP,"Adult-Use
Medicinal","KB CENTER FOR COMPASSIONATE CARE, INC.",THE KIND CENTER AND TKC,Active,Corporation,Los Angeles,3233189053
A10-18-0000279-TEMP,"Adult-Use
Medicinal",SILVERLAKE CAREGIVERS GROUP,,Active,Corporation,LOS ANGELES,2139253158
A10-18-0000280-TEMP,"Adult-Use
Medicinal",Universal Herbal Center LLC,The Marijuana Factory,Active,"Limited Liability
Company",CHATSWORTH,3108673853
A10-18-0000281-TEMP,"Adult-Use
Medicinal",MARY JANE'S COLLECTIVE CAREGIVERS,,Active,Corporation,LOS ANGELES,7146146220
A10-18-0000283-TEMP,"Adult-Use
Medicinal",ENHANCED ENERGIES,Vallejo Relief Center,Active,Corporation,Vallejo,7185103004
A10-18-0000286-TEMP,"Adult-Use
Medicinal",Monterey County Patients Group,MCPG 3PG Happy Herbs,Active,Corporation,vallejo,7075671790
A10-18-0000287-TEMP,"Adult-Use
Medicinal",better health group,better health group,Active,Corporation,vallejo,7075018259
A10-18-0000288-TEMP,"Adult-Use
Medicinal",Home Grown Holistic Collective Inc,,Active,"Limited Liability
Company",Vallejo,7077212212
A10-18-0000290-TEMP,"Adult-Use
Medicinal",San Fernando Valley Patients Cooperative,,Active,Corporation,SYLMAR,8182806868
A10-18-0000291-TEMP,"Adult-Use
Medicinal","Kase's Journey, Inc",,Active,Corporation,Ceres,2099854729
A10-18-0000294-TEMP,"Adult-Use
Medicinal","LA Wonderland Caregivers, Inc.",Wonderland,Active,Corporation,Los Angeles,2137656099
A10-18-0000295-TEMP,"Adult-Use
Medicinal","Mission Hills Patient Collective, INC","Mission Hills Patient
Collective",Active,Corporation,RESEDA,8187467313
A10-18-0000296-TEMP,"Adult-Use
Medicinal",US BLOOM COLLECTIVE,US Bloom Collective,Active,Corporation,VALLEJO,7075610716
A10-18-0000297-TEMP,"Adult-Use
Medicinal","Sunset Herbal Corner, Inc.",,Active,Corporation,NORTH HOLLYWOOD,3234592227
A10-18-0000298-TEMP,"Adult-Use
Medicinal",Nile Cooperative Corporation,"Green City Collective / Nile
Collective",Active,Corporation,PLAYA DEL REY,3104290380
A10-18-0000299-TEMP,"Adult-Use
Medicinal",HUMBOLDT RELIEF LLC,HUMBOLDT RELIEF,Active,"Limited Liability
Company",WOODLAND HILLS,8183126964
A10-18-0000300-TEMP,"Adult-Use
Medicinal","HERBAL REMEDIES CAREGIVERS, INC.",,Active,Corporation,VAN NUYS,3108934856
A10-18-0000301-TEMP,"Adult-Use
Medicinal",Sunrise Caregiver Foundation Inc.,,Active,Corporation,TORRANCE,3105618508
A10-18-0000302-TEMP,"Adult-Use
Medicinal",420 Express Delivery Inc,Green Leaf Wellness,Active,Corporation,DESERT HOT SPRINGS,2064065563
A10-18-0000303-TEMP,"Adult-Use
Medicinal","Trinity MA, Inc.",,Active,Corporation,LOS ANGELES,8059901601
A10-18-0000304-TEMP,"Adult-Use
Medicinal","Kush Valley Collective, Inc.",,Active,Corporation,LOS ANGELES,3235992572
A10-18-0000305-TEMP,"Adult-Use
Medicinal","The Relief Collective, Inc.",,Active,Corporation,LOS ANGELES,3235910063
A10-18-0000306-TEMP,"Adult-Use
Medicinal",Jessie Street Collective LLC,Bloom Room,Active,"Limited Liability
Company",SAN FRANCISCO,4155437666
A10-18-0000307-TEMP,"Adult-Use
Medicinal",Robertson Caregivers Beverlywood,,Active,Corporation,ARLETA,6268383321
A10-18-0000308-TEMP,"Adult-Use
Medicinal","Jayden's Journey Cooperative, Inc",,Active,Corporation,MODESTO,2096048317
A10-18-0000309-TEMP,"Adult-Use
Medicinal","Onesra Enterprises, Inc.","Euphoric Caregivers, Prop-
215",Active,Corporation,LOS ANGELES,3105009858
A10-18-0000310-TEMP,"Adult-Use
Medicinal","VALLEY HERBAL CENTER, INC.",,Active,Corporation,VAN NUYS,8187861100
A10-18-0000311-TEMP,"Adult-Use
Medicinal",The Holistic Caregivers Inc,CRENSHAW HOLISTIC CAREGIVERS,Active,Corporation,LOS ANGELES,4247026285
A10-18-0000312-TEMP,"Adult-Use
Medicinal",COLLECTIVE PHARM,"LAPC, High Note Culver City",Active,Corporation,Los Angeles,3144609785
A10-18-0000317-TEMP,"Adult-Use
Medicinal",Horizon Nonprofit Collective,,Active,Corporation,Sacramento,9168708067
A10-18-0000318-TEMP,"Adult-Use
Medicinal","Vermont Herbal Center, Inc.",Airside Wellness,Active,Corporation,VAN NUYS,2133215431
A10-18-0000319-TEMP,"Adult-Use
Medicinal",DEC MEDICAL,CANNASUTRA,Active,Corporation,STUDIO CITY,8183928302
A10-18-0000320-TEMP,"Adult-Use
Medicinal",California Collective Care,,Active,Corporation,vallejo,7077041960
A10-18-0000321-TEMP,"Adult-Use
Medicinal","Divine Wellness Center, Inc.",,Active,Corporation,CANOGA PARK,8188884846
A10-18-0000322-TEMP,"Adult-Use
Medicinal","Valley Collective Care, Inc.",,Active,Corporation,WOODLAND HILLS,8188651700
A10-18-0000323-TEMP,"Adult-Use
Medicinal",Green Spirit Mendocino LLC,,Active,"Limited Liability
Company",POINT ARENA,2148088649
A10-18-0000324-TEMP,"Adult-Use
Medicinal","The Coachella Lighthouse, LLC",,Active,"Limited Liability
Company",COACHELLA,9016493568
A10-18-0000325-TEMP,"Adult-Use
Medicinal",Bay Pacific Networks,SPARC,Active,Corporation,SAN FRANCISCO,7073871517
A10-18-0000326-TEMP,"Adult-Use
Medicinal",NORTHRIDGE CAREGIVERS CO-OP INC,HCMA,Active,Corporation,SUN VALLEY,8186029315
A10-18-0000328-TEMP,"Adult-Use
Medicinal",CV Wellness,IVTHC,Active,Corporation,DSRT HOT SPGS,7609890866
A10-18-0000331-TEMP,"Adult-Use
Medicinal",Green Leaf Caregivers,Firehaus,Active,"Limited Liability
Company",LOS ANGELES,3107410739
A10-18-0000333-TEMP,"Adult-Use
Medicinal","M.E.H.C., INCORPORATED",DIXON WELLNESS,Active,Corporation,DIXON,9166789282
A10-18-0000334-TEMP,"Adult-Use
Medicinal","HONEYDEW SOLUTIONS, CORP",,Active,Corporation,UKIAH,7075018258
A10-18-0000335-TEMP,"Adult-Use
Medicinal",Black Oak Gallery,Blum,Active,Corporation,OAKLAND,7074776790
A10-18-0000336-TEMP,"Adult-Use
Medicinal","CARE CALIFORNIA CONSULTATION, INC.",buddha company,Active,Corporation,los angeles,2136283144
A10-18-0000337-TEMP,"Adult-Use
Medicinal","MID CITY CANNABIS CLUB, INC., A CALIFORNIA NON-PROFIT MUTUAL BENEFIT CORPORATION",LA BREA COLLECTIVE,Active,Corporation,LOS ANGELES,3234243908
A10-18-0000339-TEMP,"Adult-Use
Medicinal",THE HEALING CENTER OF SAN DIEGO,THCSD,Active,Corporation,SAN DIEGO,2408331392
A10-18-0000340-TEMP,"Adult-Use
Medicinal",Miramar Professional Services,Mankind Cooperative,Active,Corporation,SAN DIEGO,8582470953
A10-18-0000341-TEMP,"Adult-Use
Medicinal","Valley Holistic Caregivers, Inc.",Smartweed,Active,Corporation,LOS ANGELES,3236728383
A10-18-0000342-TEMP,"Adult-Use
Medicinal",Alternative Health Sunrise,Goldn Bloom,Active,Corporation,SAN Diego,6199714355
A10-18-0000343-TEMP,"Adult-Use
Medicinal",A.T.A.C.H.S. Inc.,A Therapeutic Alternative,Active,Corporation,SACRAMENTO,9168224717
A10-18-0000345-TEMP,"Adult-Use
Medicinal",7 STARS HOLISTIC FOUNDATION,"7 Stars Holistic Healing
Center",Active,Corporation,RICHMOND,5105277827
A10-18-0000346-TEMP,"Adult-Use
Medicinal","NS Harbor, Inc.",,Active,Corporation,SAN DIEGO,6194568928
A10-18-0000347-TEMP,"Adult-Use
Medicinal",Holistic Healing Collective,,Active,Corporation,RICHMOND,5102753365
A10-18-0000348-TEMP,"Adult-Use
Medicinal",21227 Foothill LLC,Garden of Eden,Active,"Limited Liability
Company",HAYWARD,3236457669
A10-18-0000350-TEMP,"Adult-Use
Medicinal",La Florista,,Active,Corporation,WEED,5309256482
A10-18-0000351-TEMP,"Adult-Use
Medicinal","Relentless Enterprises, Inc.",Theraleaf,Active,Corporation,San Jose,4152188666
A10-18-0000352-TEMP,"Adult-Use
Medicinal","NTZ, Inc.",CA Collective,Active,Corporation,San Jose,4083135772
A10-18-0000354-TEMP,Adult-Use,"CAPS Apothecary, Inc.",,Active,Corporation,PALM SPRINGS,8182193572
A10-18-0000355-TEMP,"Adult-Use
Medicinal",The Honest Choice,,Active,Corporation,DENAIR,2093981150
A10-18-0000356-TEMP,"Adult-Use
Medicinal","Chronicpractor Caregiver, Inc.",Exhale Med Center,Active,Corporation,LOS ANGELES,4242799497
A10-18-0000357-TEMP,"Adult-Use
Medicinal","PSAO, LLC","Palm Springs Associated
Organica",Active,"Limited Liability
Company",PALM SPRINGS,7602506477
A10-18-0000358-TEMP,"Adult-Use
Medicinal","Safe Harbor Patient's Collective, Inc.",,Active,Corporation,VAN NUYS,8189020015
A10-18-0000359-TEMP,Adult-Use,"CannaCruz, LLC",CannaCruz,Active,"Limited Liability
Company",SANTA CRUZ,8312067569
A10-18-0000360-TEMP,"Adult-Use
Medicinal","Accensus Group, LLC",Canna Trading Company,Active,"Limited Liability
Company",Weed,4152751925
A10-18-0000361-TEMP,"Adult-Use
Medicinal",Ycniuq Inc,Triple C Collective,Active,Corporation,CLEARLAKE,7077014160
A10-18-0000362-TEMP,"Adult-Use
Medicinal",Emerald Perspective Cooperative Inc,Emerald Perspective,Active,Corporation,PORT HUENEME,8053509874
A10-18-0000363-TEMP,"Adult-Use
Medicinal","PEACE OF GREEN, INC",,Active,Corporation,LOS ANGELES,3106503929
A10-18-0000365-TEMP,"Adult-Use
Medicinal","VALLEY GREENS RETAIL OULET, LP",March and Ash,Active,"Limited
Partnership",SAN DIEGO,6192554661
A10-18-0000366-TEMP,"Adult-Use
Medicinal",WE CARE CAT CITY,,Active,Corporation,CATHEDRAL CTY,2483186481
A10-18-0000367-TEMP,"Adult-Use
Medicinal",CannaBoutique Dispensary LLC,Two One Five Dispensary,Active,"Limited Liability
Company",EUREKA,3233849977
A10-18-0000368-TEMP,"Adult-Use
Medicinal",East Bay Therapeutics,,Active,Corporation,EMERYVILLE,9167574892
C10-18-0000001-TEMP,"Adult-Use
Medicinal",CANA,,Active,Corporation,MAYWOOD,4252684391
C10-18-0000002-TEMP,"Adult-Use
Medicinal","K.U.S.H. Alley Collective, Inc.",,Active,Corporation,NORTH HILLS,8188109642
C10-18-0000003-TEMP,"Adult-Use
Medicinal","DBO Investments PH, LLC",From The Earth,Active,"Limited Liability
Company",PORT HUENEME,8054141394
C10-18-0000004-TEMP,"Adult-Use
Medicinal",Southern California Collective,,Active,Corporation,LOS ANGELES,3232610671
C10-18-0000005-TEMP,Adult-Use,"Hueneme Patient Consumer Collective, LLC.",,Active,"Limited Liability
Company",PORT HUENEME,8052033016
C10-18-0000006-TEMP,"Adult-Use
Medicinal","Superior Herbal Health, LLC",,Active,"Limited Liability
Company",CHATSWORTH,3108013959
C10-18-0000007-TEMP,"Adult-Use
Medicinal","Ovest, LLC","Los Angeles Patients and
Caregivers Group",Active,"Limited Liability
Company",West Hollywood,3233266347
C10-18-0000008-TEMP,Medicinal,"Ukiah Valley Holistics, Inc",Cannavine,Active,Corporation,UKIAH,7075991831
C10-18-0000009-TEMP,"Adult-Use
Medicinal",MDS BUSINESS SERVICES LLC,THE PEOPLE'S REMEDY,Active,"Limited Liability
Company",Modesto,2093455360
C10-18-0000010-TEMP,"Adult-Use
Medicinal",Los Angeles Wellness Center,Erba,Active,Corporation,LOS ANGELES,3102071900
C10-18-0000011-TEMP,"Adult-Use
Medicinal",Ketama Cooperative,Non profit,Active,Corporation,SAN FRANCISCO,4158612451
C10-18-0000012-TEMP,"Adult-Use
Medicinal","PURPLE HEART COMPASSIONATE, INC.",,Active,Corporation,LOS ANGELES,9403001785
C10-18-0000013-TEMP,"Adult-Use
Medicinal","The Little Cottage Caregivers, LLC",Herbarium,Active,"Limited Liability
Company",W HOLLYWOOD,4246669868
C10-18-0000014-TEMP,"Adult-Use
Medicinal","Green Aid Recovery Group, INC.","Green Field Collective/High
Note LA",Active,Corporation,LOS ANGELES,7872472181
C10-18-0000015-TEMP,Medicinal,"Stockton Partners, Inc.",Zen Garden Wellness,Active,Corporation,STOCKTON,2098006452
C10-18-0000016-TEMP,"Adult-Use
Medicinal","ORGANIC CENTURY FARMACY, INC.",,Active,Corporation,VALLEY VLG,8188651700
C10-18-0000017-TEMP,"Adult-Use
Medicinal",THE NATURAL WAY OF LA,ROYAL GREENS,Active,Corporation,Los Angeles,2133809200
C10-18-0000018-TEMP,"Adult-Use
Medicinal",HAH 1 LLC,Have a Heart CC,Active,"Limited Liability
Company",Blythe,2068890583
C10-18-0000019-TEMP,"Adult-Use
Medicinal",MMC MANAGEMENT SERVICES LLC,THE PEOPLE'S REMEDY,Active,"Limited Liability
Company",OAKDALE,2093455360
C10-18-0000020-TEMP,"Adult-Use
Medicinal","DAVISVILLE BUSINESS ENTERPRISES, INC.",F Street Dispensary,Active,Corporation,DAVIS,5305743147
C10-18-0000021-TEMP,"Adult-Use
Medicinal","California Organic Treatment Center Inc., A California Non-Profit Corporation",,Active,Corporation,Los Angeles,4242309061
C10-18-0000022-TEMP,"Adult-Use
Medicinal","ESHD, Inc",Green Mammoth,Active,Corporation,MAMMOTH LAKES,
C10-18-0000023-TEMP,"Adult-Use
Medicinal","ECOCANN, INC","ECOCANN, INC",Active,,EUREKA,7075720850
C10-18-0000024-TEMP,"Adult-Use
Medicinal",HYPERION HEALING,,Active,Corporation,CHATSWORTH,3108934856
C10-18-0000025-TEMP,Medicinal,Medical Marijuana Caregivers Association,MMCA,Active,,CAMERON PARK,5306775362
C10-18-0000026-TEMP,"Adult-Use
Medicinal",Davis Cannabis Collective,"Davis Cannabis Collective
(DCC)",Active,Corporation,DAVIS,9162304466
C10-18-0000027-TEMP,"Adult-Use
Medicinal","Rishon, LLC","Cannabis Buyers Club of
Berkeley",Active,"Limited Liability
Company",Berkeley,3233266347
C10-18-0000028-TEMP,"Adult-Use
Medicinal",EARTH ESSENTIALS,Royal Highness,Active,"Limited Liability
Company",PALM DESERT,4422820656
C10-18-0000029-TEMP,Medicinal,"The Grove La Mesa, Inc.",The Grove,Active,Corporation,LA MESA,6193426500
C10-18-0000030-TEMP,"Adult-Use
Medicinal","NORTH COAST WELLBEING, INC.",Dragonfly Wellness Center,Active,Corporation,Fort Bragg,4155172833
C10-18-0000031-TEMP,"Adult-Use
Medicinal",California Grown,The Kana Company,Active,Corporation,Davis,9168656474
C10-18-0000032-TEMP,Medicinal,Central Valley - Sierra Associates,,Active,,PATTERSON,2096067913
C10-18-0000033-TEMP,"Adult-Use
Medicinal",WONDERLAND OASIS INC,,Active,,PACOIMA,8182168217
C10-18-0000034-TEMP,"Adult-Use
Medicinal",J@G ENTERPRISES INC,SYNERGY,Active,Corporation,REDDING,5309490501
C10-18-0000035-TEMP,"Adult-Use
Medicinal","Healing Harvest Farms Collective, Inc.",,Active,Corporation,Laytonville,7079849174
C10-18-0000036-TEMP,Adult-Use,Lost Coast Botanical Cooperative,,Active,Corporation,WHITETHORN,7073834240
C10-18-0000037-TEMP,Medicinal,NHS COLLECTIVE,MMD of Long Beach,Active,Corporation,LONG BEACH,7148095076
C10-18-0000038-TEMP,"Adult-Use
Medicinal",HAH COALINGA LLC,Have a Heart CC,Active,"Limited Liability
Company",COALINGA,2068890583
C10-18-0000039-TEMP,"Adult-Use
Medicinal","WF Enterprises, Inc.",White Fire,Active,Corporation,SAN JOSE,4088493706
M10-17-0000009-TEMP,Medicinal,"GREEN AMERICA, INC.",Green America Inc,Active,Corporation,PERRIS,9512833282
M10-17-0000010-TEMP,Medicinal,"IE GARDENS, INC.","IE Gardens, Inc.",Active,Corporation,Perris,9515360816
M10-17-0000015-TEMP,"Adult-Use
Medicinal","MISSION ORGANIC CENTER, INC.",MISSION ORGANIC CENTER,Active,Corporation,SAN FRANCISCO,3102108791
M10-17-0000018-TEMP,"Adult-Use
Medicinal",FREEDOM 1ST ASSOCIATION,SKUNKMASTERS,Active,Corporation,PORT HUENEME,6302093432
M10-17-0000029-TEMP,Medicinal,"Mammoth Lakes Wellness, Inc.",,Active,Corporation,MAMMOTH LAKES,7609242299
M10-17-0000033-TEMP,"Adult-Use
Medicinal","AgMd Logistics, LLC.",Ojai Greens,Active,"Limited Liability
Company",OJAI,8056464420
M10-17-0000040-TEMP,"Adult-Use
Medicinal",OPG - Ontana Planet Green,OPG - Ontana Planet Green,Active,Corporation,Needles,7609033320
M10-17-0000041-TEMP,Medicinal,Tulare Alternative Relief Association,,Active,Corporation,TULARE,5596882001
M10-17-0000067-TEMP,"Adult-Use
Medicinal","TFA, inc.",Santa Cruz Mountain Herb,Active,Corporation,los gatos,4083531717
M10-17-0000104-TEMP,"Adult-Use
Medicinal","JET ROOM, INC.",,Active,Corporation,ADELANTO,9095313793
M10-17-0000108-TEMP,"Adult-Use
Medicinal",Life Enhancement Services,,Active,Corporation,VALLEJO,7076548842
M10-17-0000110-TEMP,Medicinal,Golden State Patient Care,,Active,"Sole
Proprietorship",Colfax,5302634921
M10-17-0000123-TEMP,Medicinal,"Alternate Health Collective Association, Inc.",Stone Age Farmacy,Active,Corporation,LONG BEACH,3106342542
M10-17-0000131-TEMP,"Adult-Use
Medicinal",Community Health Solutions,,Active,Corporation,Sacramento,9167127263
M10-17-0000132-TEMP,Medicinal,"ASG NORTH BAY, INC.",Redwood Herbal Alliance,Active,Corporation,LARKFIELD- WIKIUP,7075283632
M10-17-0000135-TEMP,"Adult-Use
Medicinal",Roseville Gold,Two Rivers Wellness,Active,Corporation,SACRAMENTO,9166000583
M10-17-0000139-TEMP,"Adult-Use
Medicinal","G.S.H.L.E., Inc.",Green Solutions,Active,Corporation,Sacramento,9166000583
M10-18-0000150-TEMP,Medicinal,"BCSF, Inc.",Barbary Coast,Active,Corporation,SAN FRANCISCO,4157930831
M10-18-0000153-TEMP,"Adult-Use
Medicinal",Sespe Creek Collective Inc.,,Active,Corporation,OJAI,8557229333
M10-18-0000159-TEMP,Medicinal,"Organic Cannabis Foundation, LLC",Organicann,Active,"Limited Liability
Company",Santa Rosa,7075888811
M10-18-0000161-TEMP,Medicinal,"The Medicine Woman Group, LLC",,Active,"Limited Liability
Company",BELLFLOWER,9498873589
M10-18-0000162-TEMP,Medicinal,"Holistic, Inc.",,Active,Corporation,PERRIS,9515756530
M10-18-0000163-TEMP,"Adult-Use
Medicinal","California Naturopathic Agricultural
Association #7",Alpine Alternative,Active,Corporation,Sacramento,9162174053
M10-18-0000165-TEMP,Medicinal,"MattnJeremy, inc",One Love Beach Club,Active,Corporation,LONG BEACH,5623435388
M10-18-0000166-TEMP,Medicinal,Stockton Business Strategies,Connected Stockton,Active,Corporation,STOCKTON,2099370193
M10-18-0000169-TEMP,"Adult-Use
Medicinal",Team Handed Corporation,Patients Care Collective,Active,Corporation,BERKELEY,5105407878
M10-18-0000171-TEMP,"Adult-Use
Medicinal",HERITAGE HOLDING OF CALIFORNIA INC,Artifact,Active,Corporation,LAYTONVILLE,7078416023
M10-18-0000172-TEMP,"Adult-Use
Medicinal",HTP GROUP,,Active,Corporation,VALLEJO,7074842465
M10-18-0000175-TEMP,"Adult-Use
Medicinal",Highway 29 Healthcare,,Active,Corporation,VALLEJO,7076458303
M10-18-0000178-TEMP,Medicinal,"562 Discount Med, Inc.",Connected Belmont Shore,Active,Corporation,LONG BEACH,5623703780
M10-18-0000182-TEMP,"Adult-Use
Medicinal","SHANGRI LA CARE COOPERATIVE, INC.",,Active,Corporation,OJAI,8056406464
M10-18-0000185-TEMP,Medicinal,PORT CITY ALTERNATIVE,,Active,Corporation,STOCKTON,9162174053
M10-18-0000189-TEMP,Medicinal,"Organic Greens Collective, Inc.",,Active,Corporation,Goleta,8057700580
M10-18-0000191-TEMP,"Adult-Use
Medicinal",Natural Remedies Consulting,"NRC Holistic Health Services
Clinic",Active,Corporation,Modesto,2094046077
M10-18-0000193-TEMP,"Adult-Use
Medicinal",Bynate Cooperative Corporation,,Active,Corporation,Crowslanding,2095857699
M10-18-0000201-TEMP,"Adult-Use
Medicinal",V.H.H.C. LLC,,Active,"Limited Liability
Company",VALLEJO,4152980948
M10-18-0000202-TEMP,"Adult-Use
Medicinal",H STREET PATIENT CARE,,Active,Corporation,NEEDLES,8182629937
M10-18-0000203-TEMP,"Adult-Use
Medicinal",Sharp Source,THC,Active,Corporation,SACRAMENTO,9164764431
M10-18-0000206-TEMP,"Adult-Use
Medicinal",releaf Alternative Cooperative Inc,reLeaf,Active,Corporation,VALLEJO,9167302196
M10-18-0000207-TEMP,Medicinal,River City Wellness Pain Management,foothill health and wellness,Active,Corporation,SHINGLE SPRINGS,5306764532
M10-18-0000208-TEMP,Medicinal,"Green Gold Cultivators, Inc.",Green Gold Cultivators,Active,Corporation,San Andreas,2096748008
M10-18-0000211-TEMP,Medicinal,Mother Nature's Remedy,Mother Nature's Remedy,Active,Corporation,Woodland Hills,8184322243
M10-18-0000224-TEMP,Medicinal,"Riverside Wellness, Inc",,Active,Corporation,GUERNEVILLE,7078698008
M10-18-0000226-TEMP,"Adult-Use
Medicinal","OMEGA GROUP, INC.",,Active,Corporation,CATHEDRAL CITY,8182817080
M10-18-0000228-TEMP,Medicinal,"PF JOHNS, LLC",,Active,"Limited Liability
Company",PERRIS,3108834941
M10-18-0000237-TEMP,Medicinal,"CALAVERAS NATURALS, INC.",Calaveras Little Trees,Active,Corporation,ARNOLD,2098903647
M10-18-0000239-TEMP,"Adult-Use
Medicinal",WFARM1045 INC,The Westwood Farmacy,Active,Corporation,Los Angeles,3109825023
M10-18-0000241-TEMP,"Adult-Use
Medicinal","Med Thrive Cooperative, Inc.",MediThrive,Active,Corporation,SAN FRANCISCO,4157602264
M10-18-0000256-TEMP,"Adult-Use
Medicinal","Doctor Kush World Collective, Inc.",,Active,Corporation,LOS ANGELES,8182667744
M10-18-0000263-TEMP,Medicinal,Barbara Lee Perkins,,Active,"Sole
Proprietorship",TULARE,5596684420
M10-18-0000266-TEMP,"Adult-Use
Medicinal","ORGANIC GREEN TREATMENT CENTER, INC.",,Active,Corporation,LOS ANGELES,3237333644
M10-18-0000275-TEMP,Medicinal,"The Airport Collective, Inc.",ShowGrow,Active,Corporation,LONG BEACH,5304274163
M10-18-0000280-TEMP,"Adult-Use
Medicinal","Marina Caregivers' Cooperative, Inc.",,Active,Corporation,MARINA DEL REY,3105744000
M10-18-0000283-TEMP,"Adult-Use
Medicinal","Holistic Healing Alternative, Inc.",Greenwolf,Active,Corporation,Los Angeles,3236689390
M10-18-0000284-TEMP,"Adult-Use
Medicinal",CATHEDRAL CITY RELEAF,CITIDANK,Active,Corporation,CATHEDRAL CITY,8186190000
M10-18-0000289-TEMP,Medicinal,"SMH Resources, Inc.","Sonoma Medicinal Herbs
Patient to Patient Collective",Active,Corporation,SANTA ROSA,7075951823
M10-18-0000293-TEMP,"Adult-Use
Medicinal","Gourmet Green Room, Inc.",GGR,Active,Corporation,LOS ANGLES,6023125232
M10-18-0000297-TEMP,"Adult-Use
Medicinal",Patients Corp,Foothill Wellness Center,Active,Corporation,TUJUNGA,8183523388
M10-18-0000299-TEMP,"Adult-Use
Medicinal","Cantodiem Dispensing Collective, Inc.",,Active,Corporation,NORTH HOLLYWOOD,8188211209
M10-18-0000301-TEMP,Medicinal,Don Nick Fowler,,Active,"Sole
Proprietorship",EL SOBRANTE,5106583269
M10-18-0000302-TEMP,Medicinal,All Natural Inc.,medical marijuana dispensary,Active,Corporation,SHINGLE SPRINGS,5306764032
M10-18-0000305-TEMP,"Adult-Use
Medicinal","Greenhouse Organics, Inc.",The Greenhouse,Active,Corporation,LOS ANGELES,8183861343
M10-18-0000306-TEMP,Medicinal,"FIREHOUSE 64, INC.",,Active,Corporation,Perris,9519660634
M10-18-0000309-TEMP,"Adult-Use
Medicinal","New Apothecary, Inc.",Apothecary 420,Active,Corporation,LOS ANGELES,8189050420
M10-18-0000312-TEMP,"Adult-Use
Medicinal","Buds & Roses Collective, Inc",Buds & Roses,Active,Corporation,LOS ANGELES,8189078852
M10-18-0000326-TEMP,Medicinal,"ELEVATION 2477, LLC",,Active,"Limited Liability
Company",NEVADA CITY,5303201193
M10-18-0000331-TEMP,Medicinal,"SAN DIEGO NATURAL, INC.",,Active,Corporation,ESCONDIDO,6094624234
M10-18-0000332-TEMP,Medicinal,"CSBB, INC.",2 One 2 California,Active,Corporation,SAN FRANCISCO,4153730555
M10-18-0000333-TEMP,Medicinal,Highlands Health and Wellness Collective,"Highlands Health and
Wellness",Active,Corporation,Shingle Springs,9162137035
M10-18-0000338-TEMP,"Adult-Use
Medicinal",The Healing Center Needles,The Healing Center,Active,Corporation,Needles,2629942513
M10-18-0000344-TEMP,Medicinal,99 HIGHTIDE COLLECTIVE,99 High Tide,Active,Corporation,MALIBU,3104569930
M10-18-0000346-TEMP,"Adult-Use
Medicinal",805 Beach Breaks Inc,,Active,Corporation,GROVER BEACH,8058963777
M10-18-0000350-TEMP,Medicinal,Olive Tree Patients Association,"Olive Tree Patients Association, Olive Tree Wellness Center",Active,Corporation,RAMONA,6192065472
M10-18-0000352-TEMP,Medicinal,Malibu Community Collective,Malibu Community Collective,Active,"Limited Liability
Company",MALIBU,4246440640
M10-18-0000353-TEMP,Medicinal,"Adelanto Air Expressway, Inc.",Loud-N-Clear,Active,Corporation,ADELANTO,9093548047
M10-18-0000354-TEMP,Medicinal,Ketama Cooperative,,Active,Corporation,SAN FRANCISCO,4158612451
M10-18-0000363-TEMP,"Adult-Use
Medicinal",Natural Healing Center,,Active,"Limited Liability
Company",GROVER BEACH,2132725729
M10-18-0000365-TEMP,"Adult-Use
Medicinal",Harbor Managment Group LLC,Safe Port,Active,"Limited Liability
Company",Port Hueneme,8058273615
M10-18-0000366-TEMP,Medicinal,Chronic Pain Releaf Center,,Active,Corporation,LONG BEACH,8188238110
M10-18-0000368-TEMP,Medicinal,"L.B. Collective, Inc.",,Active,Corporation,LONG BEACH,7148095076
M10-18-0000377-TEMP,Medicinal,Emeraled Beach Care,,Active,Corporation,LONG BEACH,5622705454
M10-18-0000378-TEMP,Medicinal,Marin Alliance for Medical Marijuana,"Marin Alliance for Medical
Marijuana",Active,"Sole
Proprietorship",FAIRFAX,4152957633
M10-18-0000379-TEMP,"Adult-Use
Medicinal","PHSL, LLC",Sugarleaf Trading Company,Active,"Limited Liability
Company",Seaside,9168218955
M10-18-0000381-TEMP,Medicinal,Long Beach Wellness Center,,Active,Corporation,Long Beach,7148095076
M10-18-0000401-TEMP,"Adult-Use
Medicinal","CAPTAIN KIRK SERVICES, INC.",Airfield Supply Co.,Active,Corporation,San Jose,4085295875
M10-18-0000404-TEMP,Medicinal,"CAPS Apothecary, Inc.",,Active,Corporation,PALM SPRINGS,8182193572
M10-18-0000405-TEMP,"Adult-Use
Medicinal","Hueneme Patient Consumer Collective, LLC.","Hueneme Patient Consumer
Coop",Active,"Limited Liability
Company",PORT HUENEME,8054191257
M10-18-0000411-TEMP,"Adult-Use
Medicinal",The Bud Farmacy Corporation,,Active,Corporation,Needles,8182629937
M10-18-0000413-TEMP,"Adult-Use
Medicinal",BCOK INC,La Corona Wellness,Active,Corporation,SAN FRANCISCO,7088332088
M10-18-0000414-TEMP,Medicinal,Kanna inc.,,Active,Corporation,OAKLAND,9257052129
M10-18-0000416-TEMP,"Adult-Use
Medicinal",SO CAL MM PATIENTS ASSOCIATION,All About Bud,Active,Corporation,DSRT HOT SPGS,7606716466
M10-18-0000417-TEMP,Medicinal,"CANOPY CLUB, INC.",,Active,Corporation,SANTA BARBARA,8058952578
M10-18-0000421-TEMP,"Adult-Use
Medicinal","Venice Caregiver Foundation, Inc.",MedMen Abbot Kinney,Active,Corporation,VENICE,3234862787
